all_name1,all_1_cov,all_1_cigar,all_1_mapq,all_name2,all_2_cov,all_2_cigar,all_2_mapq,diff_1_present,diff_1_cov,diff_1_cigar,diff_1_mapq,diff_2_present,diff_2_cov,diff_2_cigar,diff_2_mapq
ERR257715.7862322/1,3.22,101M,60,ERR257715.7862322/2,1.05,101M,60,diff_1_PRESENT,3.22,101M,59,diff_2_PRESENT,1.05,101M,60
ERR257715.15171389/1,2.18,101M,60,ERR257715.15171389/2,1.27,101M,60,diff_1_PRESENT,2.18,101M,38,diff_2_PRESENT,1.27,101M,60
ERR257715.26596164/1,1.00,101M,59,ERR257715.26596164/2,1.42,101M,60,diff_1_PRESENT,1.00,101M,31,diff_2_PRESENT,1.42,101M,60
ERR257715.28414870/1,513.22,101M,18,ERR257715.28414870/2,809.73,101M,18,diff_1_PRESENT,513.22,101M,12,diff_2_PRESENT,809.73,101M,1
ERR257715.32664415/1,1.57,101M,58,ERR257715.32664415/2,1.12,101M,51,diff_1_PRESENT,1.57,101M,58,diff_2_PRESENT,1.12,101M,51
ERR257715.8462889/1,3.11,101M,60,ERR257715.8462889/2,3.24,101M,60,diff_1_PRESENT,3.11,101M,60,diff_2_PRESENT,3.24,101M,60
ERR257715.2530076/1,,,,ERR257715.2530076/2,1051.78,42S59M,30,diff_1_ABSENT,,,,diff_2_PRESENT,1051.78,42S59M,30
ERR257715.19399255/1,1.57,101M,60,ERR257715.19399255/2,3.39,101M,60,diff_1_ABSENT,,,,diff_2_ABSENT,,,
ERR257715.34254773/1,1117.33,101M,42,ERR257715.34254773/2,,,,diff_1_PRESENT,1117.33,101M,42,diff_2_ABSENT,,,
ERR257715.11422739/1,77.33,56S30M15S,50,ERR257715.11422739/2,914.19,101M,60,diff_1_ABSENT,,,,diff_2_PRESENT,914.19,101M,60
ERR257715.893856/1,1068.73,5S96M,2,ERR257715.893856/2,,,,diff_1_PRESENT,1068.73,5S96M,2,diff_2_ABSENT,,,
ERR257715.14644694/1,773.69,29S72M,19,ERR257715.14644694/2,,,,diff_1_PRESENT,773.69,29S72M,19,diff_2_ABSENT,,,
ERR257715.14189500/1,2.19,101M,60,ERR257715.14189500/2,1.01,101M,60,diff_1_PRESENT,2.19,101M,60,diff_2_PRESENT,1.01,101M,60
ERR257715.17250530/1,855.24,101M,45,ERR257715.17250530/2,,,,diff_1_PRESENT,855.24,101M,45,diff_2_ABSENT,,,
ERR257715.34026381/1,1131.01,25M1I3M1D72M,13,ERR257715.34026381/2,,,,diff_1_PRESENT,1131.01,25M1I3M1D72M,13,diff_2_ABSENT,,,
ERR257715.9435034/1,,,,ERR257715.9435034/2,973.00,3S95M3S,60,diff_1_ABSENT,,,,diff_2_PRESENT,973.00,3S95M3S,60
ERR257715.4530965/1,2.13,101M,60,ERR257715.4530965/2,1.78,101M,60,diff_1_PRESENT,2.13,101M,44,diff_2_PRESENT,1.78,101M,60
ERR257715.20613048/1,,,,ERR257715.20613048/2,980.58,4S97M,60,diff_1_ABSENT,,,,diff_2_PRESENT,980.58,4S97M,60
ERR257715.5427457/1,3.46,101M,53,ERR257715.5427457/2,5.73,13S88M,60,diff_1_ABSENT,,,,diff_2_PRESENT,5.73,13S88M,60
ERR257715.10217447/1,3.00,101M,60,ERR257715.10217447/2,3.97,101M,57,diff_1_ABSENT,,,,diff_2_PRESENT,3.97,101M,19
ERR257715.20467808/1,1.00,101M,58,ERR257715.20467808/2,1.62,101M,60,diff_1_PRESENT,1.00,101M,36,diff_2_PRESENT,1.62,101M,40
ERR257715.25976882/1,1.00,101M,60,ERR257715.25976882/2,1.00,85M16S,55,diff_1_PRESENT,1.00,101M,60,diff_2_PRESENT,1.00,85M16S,55
ERR257715.18277174/1,3.45,101M,60,ERR257715.18277174/2,2.23,101M,60,diff_1_PRESENT,3.45,101M,60,diff_2_PRESENT,2.23,101M,60
ERR257715.19704611/1,1.36,101M,60,ERR257715.19704611/2,2.71,3S98M,60,diff_1_PRESENT,1.36,101M,51,diff_2_PRESENT,2.71,3S98M,60
ERR257715.8193547/1,1.29,101M,60,ERR257715.8193547/2,3.46,101M,60,diff_1_PRESENT,1.29,101M,60,diff_2_ABSENT,,,
ERR257715.2005755/1,4.49,101M,60,ERR257715.2005755/2,1.20,101M,60,diff_1_PRESENT,4.49,101M,60,diff_2_PRESENT,1.20,101M,60
ERR257715.22220022/1,2.00,56S45M,55,ERR257715.22220022/2,1.67,101M,60,diff_1_PRESENT,2.00,56S45M,55,diff_2_PRESENT,1.67,101M,60
ERR257715.139152/1,945.86,101M,60,ERR257715.139152/2,,,,diff_1_PRESENT,945.86,101M,60,diff_2_ABSENT,,,
ERR257715.22098577/1,1.18,101M,60,ERR257715.22098577/2,1.00,101M,60,diff_1_PRESENT,1.18,101M,47,diff_2_PRESENT,1.00,101M,60
ERR257715.14792083/1,1.48,101M,60,ERR257715.14792083/2,1.48,101M,60,diff_1_PRESENT,1.48,101M,60,diff_2_PRESENT,1.48,101M,60
ERR257715.4996636/1,1.00,101M,60,ERR257715.4996636/2,2.02,101M,60,diff_1_PRESENT,1.00,101M,60,diff_2_PRESENT,2.02,101M,60
ERR257715.34338541/1,2.19,4S97M,60,ERR257715.34338541/2,2.46,62S39M,52,diff_1_PRESENT,2.19,4S97M,60,diff_2_PRESENT,2.46,62S39M,52
ERR257715.26216561/1,,,,ERR257715.26216561/2,772.64,101M,29,diff_1_ABSENT,,,,diff_2_PRESENT,772.64,101M,29
ERR257715.10220187/1,,,,ERR257715.10220187/2,30.19,14S79M8S,1,diff_1_ABSENT,,,,diff_2_ABSENT,,,
ERR257715.29830991/1,1.38,101M,59,ERR257715.29830991/2,1.00,101M,60,diff_1_PRESENT,1.38,101M,59,diff_2_PRESENT,1.00,101M,60
ERR257715.23492423/1,1.85,101M,60,ERR257715.23492423/2,1.95,101M,60,diff_1_PRESENT,1.85,101M,53,diff_2_PRESENT,1.95,101M,60
ERR257715.33387436/1,1.98,101M,50,ERR257715.33387436/2,2.15,101M,60,diff_1_ABSENT,,,,diff_2_PRESENT,2.15,101M,60
ERR257715.13783195/1,307.01,11S90M,32,ERR257715.13783195/2,,,,diff_1_PRESENT,307.01,11S90M,32,diff_2_ABSENT,,,
ERR257715.10127245/1,1.98,101M,60,ERR257715.10127245/2,10.44,101M,60,diff_1_PRESENT,1.98,101M,60,diff_2_ABSENT,,,
ERR257715.18338647/1,1.84,101M,60,ERR257715.18338647/2,2.86,76M25S,60,diff_1_PRESENT,1.84,101M,60,diff_2_PRESENT,2.86,76M25S,60
ERR257715.28613785/1,,,,ERR257715.28613785/2,663.38,101M,28,diff_1_ABSENT,,,,diff_2_PRESENT,663.38,101M,28
ERR257715.2679168/1,1.79,101M,60,ERR257715.2679168/2,1.84,101M,60,diff_1_PRESENT,1.79,101M,60,diff_2_PRESENT,1.84,101M,60
ERR257715.22130417/1,1.14,101M,60,ERR257715.22130417/2,1.85,101M,60,diff_1_PRESENT,1.14,101M,60,diff_2_PRESENT,1.85,101M,34
ERR257715.29552672/1,1.85,101M,53,ERR257715.29552672/2,2.08,101M,60,diff_1_PRESENT,1.85,101M,5,diff_2_PRESENT,2.08,101M,60
ERR257715.28508137/1,,,,ERR257715.28508137/2,23.12,8M6I9M2I31M45S,0,diff_1_ABSENT,,,,diff_2_PRESENT,38.42,13S43M45S,1
ERR257715.26854732/1,,,,ERR257715.26854732/2,402.08,101M,31,diff_1_ABSENT,,,,diff_2_PRESENT,402.08,101M,31
ERR257715.16928031/1,2.26,101M,60,ERR257715.16928031/2,1.65,101M,60,diff_1_PRESENT,2.26,101M,60,diff_2_PRESENT,1.65,101M,60
ERR257715.31371232/1,1.00,101M,60,ERR257715.31371232/2,1.00,101M,60,diff_1_PRESENT,1.00,101M,60,diff_2_PRESENT,1.00,101M,54
ERR257715.33997628/1,3.92,101M,60,ERR257715.33997628/2,4.38,101M,60,diff_1_PRESENT,3.92,101M,60,diff_2_PRESENT,4.38,101M,60
ERR257715.31246108/1,3.05,101M,60,ERR257715.31246108/2,2.08,101M,60,diff_1_PRESENT,3.05,101M,60,diff_2_PRESENT,2.08,101M,60
ERR257715.19714750/1,2.69,101M,60,ERR257715.19714750/2,2.50,101M,60,diff_1_PRESENT,2.69,101M,52,diff_2_PRESENT,2.50,101M,60
ERR257715.11106994/1,1.99,101M,60,ERR257715.11106994/2,2.34,101M,60,diff_1_PRESENT,1.99,101M,60,diff_2_PRESENT,2.34,101M,60
ERR257715.2250879/1,1.18,101M,60,ERR257715.2250879/2,2.00,101M,60,diff_1_PRESENT,1.18,101M,60,diff_2_PRESENT,2.00,101M,60
ERR257715.28780426/1,1074.95,101M,14,ERR257715.28780426/2,,,,diff_1_PRESENT,1074.95,101M,14,diff_2_ABSENT,,,
ERR257715.16774178/1,3.12,101M,60,ERR257715.16774178/2,1.00,101M,60,diff_1_PRESENT,3.12,101M,60,diff_2_PRESENT,1.00,101M,60
ERR257715.4901686/1,1.00,101M,60,ERR257715.4901686/2,1.00,101M,60,diff_1_PRESENT,1.00,101M,60,diff_2_PRESENT,1.00,101M,60
ERR257715.22192940/1,76.85,74S27M,50,ERR257715.22192940/2,908.58,15S86M,60,diff_1_ABSENT,,,,diff_2_PRESENT,908.58,15S86M,60
ERR257715.17375118/1,,,,ERR257715.17375118/2,37.44,101M,60,diff_1_ABSENT,,,,diff_2_PRESENT,37.44,101M,60
ERR257715.8969774/1,1.00,101M,60,ERR257715.8969774/2,2.10,101M,60,diff_1_PRESENT,1.00,101M,60,diff_2_PRESENT,2.10,101M,60
ERR257715.18590367/1,3.96,101M,60,ERR257715.18590367/2,3.08,101M,60,diff_1_PRESENT,3.96,101M,60,diff_2_PRESENT,3.08,101M,60
ERR257715.5330182/1,2.99,98M3S,60,ERR257715.5330182/2,3.09,101M,60,diff_1_ABSENT,,,,diff_2_PRESENT,3.09,101M,60
ERR257715.12621387/1,3.33,101M,60,ERR257715.12621387/2,2.51,101M,60,diff_1_PRESENT,3.33,101M,60,diff_2_PRESENT,2.51,101M,60
ERR257715.2708803/1,1.00,101M,60,ERR257715.2708803/2,1.00,101M,60,diff_1_PRESENT,1.00,101M,60,diff_2_PRESENT,1.00,101M,60
ERR257715.29209570/1,3.07,101M,60,ERR257715.29209570/2,1.65,101M,60,diff_1_PRESENT,3.07,101M,60,diff_2_PRESENT,1.65,101M,60
ERR257715.20024358/1,2.16,101M,55,ERR257715.20024358/2,3.20,101M,60,diff_1_PRESENT,2.16,101M,25,diff_2_PRESENT,3.20,101M,45
ERR257715.14539542/1,1.50,101M,60,ERR257715.14539542/2,2.34,101M,60,diff_1_PRESENT,1.50,101M,60,diff_2_PRESENT,2.34,101M,60
ERR257715.30790247/1,2.43,101M,60,ERR257715.30790247/2,2.28,101M,60,diff_1_ABSENT,,,,diff_2_ABSENT,,,
ERR257715.3784310/1,2.14,101M,60,ERR257715.3784310/2,2.17,101M,60,diff_1_PRESENT,2.14,101M,60,diff_2_PRESENT,2.17,101M,60
ERR257715.5518917/1,1.95,101M,37,ERR257715.5518917/2,2.20,101M,50,diff_1_ABSENT,,,,diff_2_ABSENT,,,
ERR257715.34789567/1,1.00,101M,60,ERR257715.34789567/2,1.00,101M,60,diff_1_PRESENT,1.00,101M,60,diff_2_PRESENT,1.00,101M,60
ERR257715.35042412/1,3.09,101M,32,ERR257715.35042412/2,1.44,8S93M,60,diff_1_PRESENT,3.09,101M,32,diff_2_PRESENT,1.44,8S93M,60
ERR257715.18783327/1,,,,ERR257715.18783327/2,2.34,7S68M26S,10,diff_1_ABSENT,,,,diff_2_PRESENT,2.34,7S68M26S,10
ERR257715.33419607/1,1086.34,5M1I95M,24,ERR257715.33419607/2,,,,diff_1_PRESENT,1086.34,5M1I95M,24,diff_2_ABSENT,,,
ERR257715.10434421/1,1099.27,101M,14,ERR257715.10434421/2,,,,diff_1_PRESENT,1099.27,101M,14,diff_2_ABSENT,,,
ERR257715.34834660/1,3.42,96M5S,39,ERR257715.34834660/2,6.48,101M,39,diff_1_ABSENT,,,,diff_2_ABSENT,,,
ERR257715.23548364/1,896.80,101M,60,ERR257715.23548364/2,621.12,101M,52,diff_1_PRESENT,896.80,101M,44,diff_2_PRESENT,621.12,101M,3
ERR257715.8871144/1,,,,ERR257715.8871144/2,137.79,24S77M,33,diff_1_ABSENT,,,,diff_2_PRESENT,137.79,24S77M,33
ERR257715.9538743/1,2.32,101M,60,ERR257715.9538743/2,2.14,101M,60,diff_1_PRESENT,2.32,101M,60,diff_2_PRESENT,2.14,101M,60
ERR257715.17537481/1,1.73,101M,60,ERR257715.17537481/2,2.04,101M,60,diff_1_ABSENT,,,,diff_2_ABSENT,,,
ERR257715.12545887/1,2.39,101M,60,ERR257715.12545887/2,3.92,101M,60,diff_1_ABSENT,,,,diff_2_ABSENT,,,
ERR257715.34259921/1,,,,ERR257715.34259921/2,843.10,101M,60,diff_1_ABSENT,,,,diff_2_PRESENT,843.10,101M,60
ERR257715.5341069/1,997.14,57M44S,12,ERR257715.5341069/2,,,,diff_1_PRESENT,997.14,57M44S,12,diff_2_ABSENT,,,
ERR257715.24571711/1,1.34,101M,60,ERR257715.24571711/2,1.20,101M,60,diff_1_PRESENT,1.34,101M,60,diff_2_PRESENT,1.20,101M,29
ERR257715.14406825/1,3.40,101M,60,ERR257715.14406825/2,2.84,101M,60,diff_1_PRESENT,3.40,101M,60,diff_2_PRESENT,2.84,101M,27
ERR257715.18570908/1,1.74,101M,50,ERR257715.18570908/2,1.00,101M,60,diff_1_ABSENT,,,,diff_2_PRESENT,1.00,101M,60
ERR257715.8548861/1,3.28,101M,60,ERR257715.8548861/2,4.23,101M,60,diff_1_ABSENT,,,,diff_2_ABSENT,,,
ERR257715.11658634/1,1.00,101M,60,ERR257715.11658634/2,1.36,101M,53,diff_1_PRESENT,1.00,101M,60,diff_2_ABSENT,,,
ERR257715.34691932/1,1.00,45H56M,5,ERR257715.34691932/2,3.96,101M,60,diff_1_ABSENT,,,,diff_2_ABSENT,,,
ERR257715.24964235/1,1.40,101M,60,ERR257715.24964235/2,2.86,101M,60,diff_1_PRESENT,1.40,101M,60,diff_2_PRESENT,2.86,101M,60
ERR257715.13923148/1,2.51,101M,60,ERR257715.13923148/2,1.89,101M,59,diff_1_PRESENT,2.51,101M,52,diff_2_PRESENT,1.89,101M,37
ERR257715.32558039/1,1.91,101M,60,ERR257715.32558039/2,2.25,101M,60,diff_1_PRESENT,1.91,101M,60,diff_2_PRESENT,2.25,101M,60
ERR257715.23864800/1,2.33,101M,60,ERR257715.23864800/2,1.00,101M,60,diff_1_PRESENT,2.33,101M,60,diff_2_PRESENT,1.00,101M,60
ERR257715.1564622/1,1.98,101M,60,ERR257715.1564622/2,1.00,101M,60,diff_1_PRESENT,1.98,101M,60,diff_2_PRESENT,1.00,101M,60
ERR257715.27298643/1,,,,ERR257715.27298643/2,1117.30,101M,13,diff_1_ABSENT,,,,diff_2_PRESENT,1117.30,101M,13
ERR257715.34770507/1,483.51,57M2I42M,60,ERR257715.34770507/2,74.14,9S56M36S,55,diff_1_PRESENT,483.51,57M2I42M,60,diff_2_PRESENT,74.14,9S56M36S,7
ERR257715.29275025/1,1.00,8S93M,60,ERR257715.29275025/2,1.82,101M,60,diff_1_PRESENT,1.00,8S93M,55,diff_2_PRESENT,1.82,101M,60
ERR257715.8293322/1,89.28,101M,60,ERR257715.8293322/2,153.92,101M,60,diff_1_PRESENT,89.28,101M,60,diff_2_PRESENT,153.92,101M,60
ERR257715.3464658/1,2.03,101M,56,ERR257715.3464658/2,1.93,101M,60,diff_1_PRESENT,2.03,101M,31,diff_2_PRESENT,1.93,101M,60
ERR257715.2398114/1,1.63,88M1D13M,60,ERR257715.2398114/2,2.61,101M,60,diff_1_PRESENT,1.63,88M1D13M,60,diff_2_PRESENT,2.61,101M,55
ERR257715.32045591/1,995.85,101M,14,ERR257715.32045591/2,402.62,52M49S,12,diff_1_PRESENT,995.85,101M,3,diff_2_ABSENT,,,
ERR257715.29674185/1,527.16,15S63M23S,60,ERR257715.29674185/2,361.34,4S97M,50,diff_1_ABSENT,,,,diff_2_ABSENT,,,
ERR257715.14583512/1,,,,ERR257715.14583512/2,43.58,63S31M7S,2,diff_1_ABSENT,,,,diff_2_PRESENT,43.58,63S31M7S,2
ERR257715.29669560/1,1.45,101M,60,ERR257715.29669560/2,1.70,101M,60,diff_1_PRESENT,1.45,101M,60,diff_2_PRESENT,1.70,101M,60
ERR257715.7154780/1,1.91,101M,60,ERR257715.7154780/2,1.51,99M2S,60,diff_1_PRESENT,1.91,101M,60,diff_2_PRESENT,1.51,99M2S,60
ERR257715.2349742/1,,,,ERR257715.2349742/2,3.44,101M,52,diff_1_ABSENT,,,,diff_2_PRESENT,3.44,101M,52
ERR257715.34061022/1,,,,ERR257715.34061022/2,860.58,85M16S,6,diff_1_ABSENT,,,,diff_2_ABSENT,,,
ERR257715.9430735/1,2.85,101M,60,ERR257715.9430735/2,3.71,101M,60,diff_1_PRESENT,2.85,101M,60,diff_2_PRESENT,3.71,101M,60
ERR257715.14699344/1,4.00,36M65H,6,ERR257715.14699344/2,3.65,101M,60,diff_1_PRESENT,4.00,36M65H,6,diff_2_PRESENT,3.65,101M,60
ERR257715.32896195/1,2.67,101M,60,ERR257715.32896195/2,2.38,101M,60,diff_1_PRESENT,2.67,101M,60,diff_2_PRESENT,2.38,101M,60
ERR257715.30887524/1,1.00,5S96M,60,ERR257715.30887524/2,1.35,101M,60,diff_1_PRESENT,1.00,5S96M,60,diff_2_PRESENT,1.35,101M,60
ERR257715.30276414/1,1.95,101M,60,ERR257715.30276414/2,1.00,22S79M,60,diff_1_PRESENT,1.95,101M,60,diff_2_PRESENT,1.00,22S79M,60
ERR257715.21030835/1,1.04,101M,60,ERR257715.21030835/2,1.30,101M,60,diff_1_PRESENT,1.04,101M,60,diff_2_PRESENT,1.30,101M,60
ERR257715.9202312/1,999.21,17S84M,60,ERR257715.9202312/2,122.04,30S27M44S,52,diff_1_PRESENT,999.21,17S84M,60,diff_2_ABSENT,,,
ERR257715.13421561/1,3.34,101M,60,ERR257715.13421561/2,4.04,101M,60,diff_1_ABSENT,,,,diff_2_ABSENT,,,
ERR257715.7313278/1,1.00,101M,60,ERR257715.7313278/2,1.83,101M,60,diff_1_PRESENT,1.00,101M,60,diff_2_PRESENT,1.83,101M,60
ERR257715.31253306/1,2.01,101M,60,ERR257715.31253306/2,1.00,101M,60,diff_1_PRESENT,2.01,101M,60,diff_2_PRESENT,1.00,101M,60
ERR257715.23820179/1,1045.52,101M,60,ERR257715.23820179/2,493.72,64M37S,60,diff_1_PRESENT,1045.52,101M,60,diff_2_ABSENT,,,
ERR257715.32703082/1,1.70,101M,60,ERR257715.32703082/2,1.75,101M,60,diff_1_PRESENT,1.70,101M,60,diff_2_PRESENT,1.75,101M,60
ERR257715.7382476/1,2.24,101M,60,ERR257715.7382476/2,1.00,101M,60,diff_1_PRESENT,2.24,101M,60,diff_2_PRESENT,1.00,101M,60
ERR257715.32154691/1,232.58,16S85M,60,ERR257715.32154691/2,466.06,101M,60,diff_1_PRESENT,232.58,16S85M,43,diff_2_PRESENT,466.06,101M,60
ERR257715.23554178/1,1.19,101M,60,ERR257715.23554178/2,2.77,101M,60,diff_1_PRESENT,1.19,101M,60,diff_2_PRESENT,2.77,101M,60
ERR257715.17537039/1,3.41,101M,60,ERR257715.17537039/2,1.62,101M,60,diff_1_ABSENT,,,,diff_2_PRESENT,1.62,101M,50
ERR257715.20545536/1,,,,ERR257715.20545536/2,15.18,34S67M,4,diff_1_ABSENT,,,,diff_2_PRESENT,15.18,34S67M,4
ERR257715.670630/1,2.70,101M,60,ERR257715.670630/2,1.09,101M,60,diff_1_PRESENT,2.70,101M,60,diff_2_PRESENT,1.09,101M,32
ERR257715.8012988/1,1.84,98M3S,60,ERR257715.8012988/2,2.07,101M,60,diff_1_PRESENT,1.84,98M3S,60,diff_2_PRESENT,2.07,101M,60
ERR257715.35174775/1,1.09,101M,60,ERR257715.35174775/2,1.64,101M,60,diff_1_PRESENT,1.09,101M,60,diff_2_PRESENT,1.64,101M,60
ERR257715.8581650/1,2.33,47S54M,55,ERR257715.8581650/2,1.85,101M,60,diff_1_PRESENT,2.33,47S54M,55,diff_2_PRESENT,1.85,101M,60
ERR257715.29529604/1,1.00,101M,60,ERR257715.29529604/2,1.00,101M,60,diff_1_PRESENT,1.00,101M,60,diff_2_PRESENT,1.00,101M,60
ERR257715.28091613/1,1.01,101M,60,ERR257715.28091613/2,1.30,101M,60,diff_1_PRESENT,1.01,101M,60,diff_2_PRESENT,1.30,101M,60
ERR257715.26351011/1,1.99,101M,60,ERR257715.26351011/2,3.55,99M2S,60,diff_1_PRESENT,1.99,101M,60,diff_2_PRESENT,3.55,99M2S,60
ERR257715.2343549/1,1.87,101M,60,ERR257715.2343549/2,2.81,101M,60,diff_1_PRESENT,1.87,101M,60,diff_2_PRESENT,2.81,101M,60
ERR257715.20307742/1,2.84,101M,60,ERR257715.20307742/2,2.82,101M,58,diff_1_PRESENT,2.84,101M,60,diff_2_PRESENT,2.82,101M,29
ERR257715.25261997/1,1000.54,101M,53,ERR257715.25261997/2,1086.80,101M,60,diff_1_PRESENT,1000.54,101M,60,diff_2_PRESENT,1086.80,101M,60
ERR257715.20944845/1,1.55,101M,60,ERR257715.20944845/2,1.00,101M,60,diff_1_PRESENT,1.55,101M,60,diff_2_PRESENT,1.00,101M,60
ERR257715.32291424/1,64.44,69S32M,1,ERR257715.32291424/2,,,,diff_1_PRESENT,64.44,69S32M,1,diff_2_ABSENT,,,
ERR257715.30345042/1,1.66,101M,60,ERR257715.30345042/2,2.29,101M,60,diff_1_PRESENT,1.66,101M,60,diff_2_PRESENT,2.29,101M,60
ERR257715.31836693/1,1.00,101M,60,ERR257715.31836693/2,2.86,101M,60,diff_1_PRESENT,1.00,101M,60,diff_2_PRESENT,2.86,101M,60
ERR257715.33671621/1,824.47,101M,31,ERR257715.33671621/2,,,,diff_1_PRESENT,824.47,101M,31,diff_2_ABSENT,,,
ERR257715.28266844/1,1.61,101M,60,ERR257715.28266844/2,1.28,101M,60,diff_1_PRESENT,1.61,101M,26,diff_2_PRESENT,1.28,101M,60
ERR257715.18958705/1,1.68,101M,46,ERR257715.18958705/2,1.99,101M,43,diff_1_PRESENT,1.68,101M,27,diff_2_PRESENT,1.99,101M,4
ERR257715.927015/1,537.52,40M61S,11,ERR257715.927015/2,321.81,75M26S,21,diff_1_ABSENT,,,,diff_2_PRESENT,321.81,75M26S,21
ERR257715.25279870/1,1.89,101M,60,ERR257715.25279870/2,2.60,39M1D59M3S,52,diff_1_PRESENT,1.89,101M,60,diff_2_ABSENT,,,
ERR257715.29156641/1,1.90,101M,60,ERR257715.29156641/2,1.00,101M,60,diff_1_PRESENT,1.90,101M,60,diff_2_PRESENT,1.00,101M,60
ERR257715.13060261/1,3.65,101M,60,ERR257715.13060261/2,1.29,101M,60,diff_1_ABSENT,,,,diff_2_PRESENT,1.29,101M,50
ERR257715.11489521/1,3.34,101M,60,ERR257715.11489521/2,2.92,101M,60,diff_1_ABSENT,,,,diff_2_PRESENT,2.92,101M,60
ERR257715.20078353/1,3.95,101M,60,ERR257715.20078353/2,1.00,50M51H,5,diff_1_PRESENT,3.95,101M,60,diff_2_PRESENT,1.00,50M51H,5
ERR257715.22271241/1,1.05,101M,48,ERR257715.22271241/2,1.36,101M,43,diff_1_PRESENT,1.05,101M,39,diff_2_PRESENT,1.36,101M,7
ERR257715.11343950/1,1.00,55H46M,10,ERR257715.11343950/2,2.03,101M,60,diff_1_PRESENT,1.00,55H46M,10,diff_2_PRESENT,2.03,101M,60
ERR257715.33319457/1,1.00,101M,60,ERR257715.33319457/2,2.42,101M,60,diff_1_PRESENT,1.00,101M,60,diff_2_PRESENT,2.42,101M,60
ERR257715.3854672/1,3.58,101M,60,ERR257715.3854672/2,2.79,101M,60,diff_1_PRESENT,3.58,101M,60,diff_2_PRESENT,2.79,101M,49
ERR257715.33522630/1,2.58,15S86M,60,ERR257715.33522630/2,1.43,101M,60,diff_1_PRESENT,2.58,15S86M,60,diff_2_PRESENT,1.43,101M,51
ERR257715.139197/1,965.41,91M10S,55,ERR257715.139197/2,449.87,18S83M,57,diff_1_PRESENT,965.41,91M10S,30,diff_2_PRESENT,449.87,18S83M,34
ERR257715.14337750/1,3.22,101M,60,ERR257715.14337750/2,2.72,101M,60,diff_1_PRESENT,3.22,101M,60,diff_2_PRESENT,2.72,101M,58
ERR257715.23734017/1,3.67,101M,60,ERR257715.23734017/2,2.96,22S79M,53,diff_1_PRESENT,3.67,101M,60,diff_2_PRESENT,2.96,22S79M,12
ERR257715.22370918/1,1.00,101M,60,ERR257715.22370918/2,1.84,101M,60,diff_1_PRESENT,1.00,101M,60,diff_2_PRESENT,1.84,101M,54
ERR257715.19419041/1,,,,ERR257715.19419041/2,817.54,9M2I6M2I82M,29,diff_1_ABSENT,,,,diff_2_PRESENT,817.54,9M2I6M2I82M,29
ERR257715.12101781/1,1.59,101M,60,ERR257715.12101781/2,2.01,101M,60,diff_1_PRESENT,1.59,101M,60,diff_2_PRESENT,2.01,101M,60
ERR257715.17689092/1,1.32,101M,60,ERR257715.17689092/2,2.60,101M,60,diff_1_PRESENT,1.32,101M,60,diff_2_PRESENT,2.60,101M,60
ERR257715.14000547/1,147.16,86M15S,30,ERR257715.14000547/2,,,,diff_1_PRESENT,147.16,86M15S,30,diff_2_ABSENT,,,
ERR257715.6216716/1,2.34,101M,60,ERR257715.6216716/2,1.64,101M,60,diff_1_PRESENT,2.34,101M,60,diff_2_PRESENT,1.64,101M,60
ERR257715.14899906/1,1076.53,101M,2,ERR257715.14899906/2,,,,diff_1_PRESENT,1076.53,101M,2,diff_2_ABSENT,,,
ERR257715.10110644/1,1.40,101M,60,ERR257715.10110644/2,1.77,101M,60,diff_1_PRESENT,1.40,101M,60,diff_2_PRESENT,1.77,101M,60
ERR257715.10091522/1,,,,ERR257715.10091522/2,1068.73,5S96M,10,diff_1_ABSENT,,,,diff_2_PRESENT,1068.73,5S96M,10
ERR257715.16195278/1,161.00,29S72M,4,ERR257715.16195278/2,171.79,73S28M,4,diff_1_ABSENT,,,,diff_2_ABSENT,,,
ERR257715.32418722/1,1056.13,54S47M,32,ERR257715.32418722/2,,,,diff_1_PRESENT,1056.13,54S47M,32,diff_2_ABSENT,,,
ERR257715.16697063/1,492.01,30S67M4S,29,ERR257715.16697063/2,,,,diff_1_ABSENT,,,,diff_2_ABSENT,,,
ERR257715.20679730/1,1132.58,96M5S,26,ERR257715.20679730/2,355.61,3S98M,23,diff_1_PRESENT,1132.58,96M5S,12,diff_2_ABSENT,,,
ERR257715.29411046/1,1.04,101M,60,ERR257715.29411046/2,2.33,101M,60,diff_1_PRESENT,1.04,101M,60,diff_2_PRESENT,2.33,101M,60
ERR257715.14096309/1,2.58,101M,60,ERR257715.14096309/2,1.63,101M,60,diff_1_PRESENT,2.58,101M,60,diff_2_PRESENT,1.63,101M,60
ERR257715.9508140/1,224.42,101M,17,ERR257715.9508140/2,,,,diff_1_PRESENT,224.42,101M,17,diff_2_ABSENT,,,
ERR257715.16475525/1,1.39,101M,60,ERR257715.16475525/2,2.41,9S92M,60,diff_1_PRESENT,1.39,101M,60,diff_2_PRESENT,2.41,9S92M,43
ERR257715.5164911/1,1.19,101M,60,ERR257715.5164911/2,1.00,101M,60,diff_1_PRESENT,1.19,101M,60,diff_2_PRESENT,1.00,101M,60
ERR257715.26049870/1,1.95,101M,60,ERR257715.26049870/2,1.90,101M,60,diff_1_PRESENT,1.95,101M,60,diff_2_PRESENT,1.90,101M,60
ERR257715.19946048/1,3.96,3M1I97M,60,ERR257715.19946048/2,4.28,101M,60,diff_1_PRESENT,3.96,3M1I97M,60,diff_2_PRESENT,4.28,101M,60
ERR257715.21727360/1,2.00,12S35M54S,7,ERR257715.21727360/2,,,,diff_1_PRESENT,2.00,12S35M54S,7,diff_2_ABSENT,,,
ERR257715.31847509/1,1.01,101M,60,ERR257715.31847509/2,1.41,101M,60,diff_1_PRESENT,1.01,101M,60,diff_2_PRESENT,1.41,101M,60
ERR257715.16669801/1,1080.64,4S97M,60,ERR257715.16669801/2,917.85,101M,52,diff_1_PRESENT,1080.64,4S97M,60,diff_2_PRESENT,917.85,101M,1
ERR257715.10686030/1,2.66,101M,60,ERR257715.10686030/2,2.36,101M,60,diff_1_PRESENT,2.66,101M,60,diff_2_PRESENT,2.36,101M,60
ERR257715.5167061/1,2.10,101M,60,ERR257715.5167061/2,2.52,101M,60,diff_1_PRESENT,2.10,101M,60,diff_2_ABSENT,,,
ERR257715.32179115/1,1.00,101M,60,ERR257715.32179115/2,1.32,101M,60,diff_1_PRESENT,1.00,101M,60,diff_2_PRESENT,1.32,101M,60
ERR257715.2335660/1,2.22,101M,60,ERR257715.2335660/2,2.20,101M,60,diff_1_ABSENT,,,,diff_2_ABSENT,,,
ERR257715.34705837/1,3.96,101M,60,ERR257715.34705837/2,2.41,101M,60,diff_1_PRESENT,3.96,101M,51,diff_2_PRESENT,2.41,101M,60
ERR257715.33981880/1,3.32,101M,60,ERR257715.33981880/2,2.21,101M,60,diff_1_ABSENT,,,,diff_2_PRESENT,2.21,101M,60
ERR257715.3490423/1,1.00,101M,60,ERR257715.3490423/2,1.90,101M,56,diff_1_PRESENT,1.00,101M,60,diff_2_PRESENT,1.90,101M,56
ERR257715.14292511/1,1.49,22S69M10S,60,ERR257715.14292511/2,1.65,57M44S,52,diff_1_ABSENT,,,,diff_2_PRESENT,1.65,57M44S,3
ERR257715.34576123/1,556.34,101M,33,ERR257715.34576123/2,560.01,13S88M,40,diff_1_ABSENT,,,,diff_2_PRESENT,560.01,13S88M,20
ERR257715.3162884/1,1.00,92M9S,30,ERR257715.3162884/2,2.74,101M,28,diff_1_PRESENT,1.00,92M9S,9,diff_2_PRESENT,2.74,101M,13
ERR257715.10036361/1,977.28,94M7S,60,ERR257715.10036361/2,,,,diff_1_PRESENT,977.28,94M7S,60,diff_2_ABSENT,,,
ERR257715.27047312/1,1.15,101M,60,ERR257715.27047312/2,3.63,101M,60,diff_1_PRESENT,1.15,101M,60,diff_2_PRESENT,3.63,101M,60
ERR257715.23413987/1,1.00,101M,60,ERR257715.23413987/2,2.26,101M,60,diff_1_PRESENT,1.00,101M,48,diff_2_PRESENT,2.26,101M,60
ERR257715.21363544/1,,,,ERR257715.21363544/2,1021.41,70M31S,22,diff_1_ABSENT,,,,diff_2_PRESENT,1021.41,70M31S,22
ERR257715.6168883/1,,,,ERR257715.6168883/2,744.50,101M,6,diff_1_ABSENT,,,,diff_2_ABSENT,,,
ERR257715.27410260/1,2.71,101M,60,ERR257715.27410260/2,,,,diff_1_PRESENT,2.71,101M,60,diff_2_ABSENT,,,
ERR257715.19672986/1,1.65,101M,60,ERR257715.19672986/2,1.45,101M,60,diff_1_PRESENT,1.65,101M,60,diff_2_PRESENT,1.45,101M,60
ERR257715.1950436/1,2.11,3S98M,60,ERR257715.1950436/2,1.14,101M,59,diff_1_PRESENT,2.11,3S98M,60,diff_2_PRESENT,1.14,101M,36
ERR257715.32084217/1,845.13,11S90M,58,ERR257715.32084217/2,,,,diff_1_PRESENT,845.13,11S90M,58,diff_2_ABSENT,,,
ERR257715.3565413/1,,,,ERR257715.3565413/2,110.23,27S44M30S,16,diff_1_ABSENT,,,,diff_2_PRESENT,110.23,27S44M30S,16
ERR257715.17831241/1,,,,ERR257715.17831241/2,1002.02,84M17S,60,diff_1_ABSENT,,,,diff_2_PRESENT,1002.02,84M17S,60
ERR257715.231928/1,,,,ERR257715.231928/2,456.87,9S92M,2,diff_1_ABSENT,,,,diff_2_ABSENT,,,
ERR257715.11028141/1,,,,ERR257715.11028141/2,814.67,79M22S,32,diff_1_ABSENT,,,,diff_2_PRESENT,814.67,79M22S,32
ERR257715.6649650/1,1115.31,101M,48,ERR257715.6649650/2,541.60,47M54S,47,diff_1_PRESENT,1115.31,101M,37,diff_2_ABSENT,,,
ERR257715.14405183/1,2.74,101M,53,ERR257715.14405183/2,3.36,101M,60,diff_1_ABSENT,,,,diff_2_ABSENT,,,
ERR257715.19424808/1,1.68,101M,60,ERR257715.19424808/2,1.50,101M,60,diff_1_PRESENT,1.68,101M,60,diff_2_PRESENT,1.50,101M,60
ERR257715.5912414/1,2.35,101M,60,ERR257715.5912414/2,1.84,101M,60,diff_1_PRESENT,2.35,101M,60,diff_2_PRESENT,1.84,101M,60
ERR257715.25794519/1,619.73,101M,55,ERR257715.25794519/2,,,,diff_1_PRESENT,619.73,101M,55,diff_2_ABSENT,,,
ERR257715.23137408/1,2.54,4S97M,60,ERR257715.23137408/2,1.29,101M,60,diff_1_PRESENT,2.54,4S97M,60,diff_2_PRESENT,1.29,101M,60
ERR257715.26955869/1,1.00,101M,60,ERR257715.26955869/2,1.96,101M,60,diff_1_PRESENT,1.00,101M,60,diff_2_PRESENT,1.96,101M,44
ERR257715.9750820/1,1.10,32S69M,47,ERR257715.9750820/2,,,,diff_1_PRESENT,1.10,32S69M,47,diff_2_ABSENT,,,
ERR257715.13975009/1,2.51,101M,60,ERR257715.13975009/2,2.00,101M,60,diff_1_PRESENT,2.51,101M,60,diff_2_PRESENT,2.00,101M,60
ERR257715.14888059/1,2.10,90M11S,60,ERR257715.14888059/2,1.05,73M28S,60,diff_1_PRESENT,2.10,90M11S,60,diff_2_PRESENT,1.05,73M28S,60
ERR257715.12555811/1,66.72,67S25M9S,9,ERR257715.12555811/2,127.18,101M,10,diff_1_ABSENT,,,,diff_2_ABSENT,,,
ERR257715.19386676/1,1.31,101M,60,ERR257715.19386676/2,1.30,101M,59,diff_1_PRESENT,1.31,101M,60,diff_2_PRESENT,1.30,101M,59
ERR257715.32081440/1,,,,ERR257715.32081440/2,396.80,96M5S,51,diff_1_ABSENT,,,,diff_2_ABSENT,,,
ERR257715.29386430/1,2.61,101M,60,ERR257715.29386430/2,2.46,101M,60,diff_1_PRESENT,2.61,101M,60,diff_2_PRESENT,2.46,101M,60
ERR257715.18472750/1,1.00,101M,60,ERR257715.18472750/2,1.00,101M,56,diff_1_PRESENT,1.00,101M,60,diff_2_PRESENT,1.00,101M,56
ERR257715.12116759/1,1.48,101M,60,ERR257715.12116759/2,1.39,101M,60,diff_1_PRESENT,1.48,101M,60,diff_2_PRESENT,1.39,101M,60
ERR257715.16446648/1,149.88,101M,60,ERR257715.16446648/2,50.44,101M,60,diff_1_PRESENT,149.88,101M,60,diff_2_PRESENT,50.44,101M,60
ERR257715.28075667/1,1.65,101M,60,ERR257715.28075667/2,1.70,101M,60,diff_1_PRESENT,1.65,101M,60,diff_2_PRESENT,1.70,101M,60
ERR257715.10469517/1,2.00,56S45M,17,ERR257715.10469517/2,1.90,51S50M,18,diff_1_PRESENT,2.00,56S45M,17,diff_2_PRESENT,1.90,51S50M,18
ERR257715.28228936/1,15.11,56M,0,ERR257715.28228936/2,18.88,56M,0,diff_1_ABSENT,,,,diff_2_PRESENT,16.82,56M,0
ERR257715.3346765/1,1.55,101M,60,ERR257715.3346765/2,2.94,101M,60,diff_1_PRESENT,1.55,101M,60,diff_2_PRESENT,2.94,101M,60
ERR257715.17916989/1,3.36,101M,60,ERR257715.17916989/2,3.70,101M,60,diff_1_ABSENT,,,,diff_2_ABSENT,,,
ERR257715.14934031/1,1.88,101M,60,ERR257715.14934031/2,2.35,101M,58,diff_1_PRESENT,1.88,101M,60,diff_2_PRESENT,2.35,101M,58
ERR257715.5436131/1,0.81,32M24D69M,24,ERR257715.5436131/2,,,,diff_1_PRESENT,0.81,32M24D69M,24,diff_2_ABSENT,,,
ERR257715.14268402/1,1.09,101M,56,ERR257715.14268402/2,1.65,101M,60,diff_1_PRESENT,1.09,101M,24,diff_2_PRESENT,1.65,101M,60
ERR257715.10529886/1,,,,ERR257715.10529886/2,131.85,89M12S,19,diff_1_ABSENT,,,,diff_2_PRESENT,131.85,89M12S,19
ERR257715.55513/1,,,,ERR257715.55513/2,16.38,35S66M,1,diff_1_ABSENT,,,,diff_2_ABSENT,,,
ERR257715.13073451/1,2.26,101M,60,ERR257715.13073451/2,1.84,101M,60,diff_1_PRESENT,2.26,101M,60,diff_2_PRESENT,1.84,101M,60
ERR257715.11477715/1,2.12,101M,60,ERR257715.11477715/2,2.41,101M,60,diff_1_PRESENT,2.12,101M,60,diff_2_PRESENT,2.41,101M,31
ERR257715.14048764/1,1129.59,101M,60,ERR257715.14048764/2,503.53,70M31S,60,diff_1_PRESENT,1129.59,101M,45,diff_2_ABSENT,,,
ERR257715.20857577/1,1.22,101M,60,ERR257715.20857577/2,1.21,17S84M,60,diff_1_PRESENT,1.22,101M,60,diff_2_PRESENT,1.21,17S84M,60
ERR257715.2627759/1,1.29,101M,60,ERR257715.2627759/2,1.00,24S77M,60,diff_1_PRESENT,1.29,101M,60,diff_2_PRESENT,1.00,24S77M,60
ERR257715.8515391/1,1.00,101M,60,ERR257715.8515391/2,1.54,101M,60,diff_1_PRESENT,1.00,101M,60,diff_2_PRESENT,1.54,101M,60
ERR257715.12221831/1,1.41,101M,60,ERR257715.12221831/2,1.08,101M,60,diff_1_PRESENT,1.41,101M,44,diff_2_PRESENT,1.08,101M,60
ERR257715.8410517/1,1.86,101M,60,ERR257715.8410517/2,2.99,101M,60,diff_1_PRESENT,1.86,101M,49,diff_2_PRESENT,2.99,101M,60
ERR257715.26730374/1,69.92,23S78M,20,ERR257715.26730374/2,,,,diff_1_PRESENT,69.92,23S78M,20,diff_2_ABSENT,,,
ERR257715.22439796/1,1.00,101M,60,ERR257715.22439796/2,1.02,101M,60,diff_1_PRESENT,1.00,101M,60,diff_2_PRESENT,1.02,101M,60
ERR257715.27977056/1,1086.32,101M,40,ERR257715.27977056/2,380.54,101M,38,diff_1_PRESENT,1086.32,101M,24,diff_2_PRESENT,380.54,101M,12
ERR257715.33341868/1,197.45,101M,25,ERR257715.33341868/2,175.74,28S73M,23,diff_1_PRESENT,197.45,101M,14,diff_2_PRESENT,175.74,28S73M,1
ERR257715.21609623/1,2.59,101M,55,ERR257715.21609623/2,2.19,101M,60,diff_1_PRESENT,2.59,101M,24,diff_2_ABSENT,,,
ERR257715.33052525/1,4.40,101M,60,ERR257715.33052525/2,3.83,101M,56,diff_1_PRESENT,4.40,101M,60,diff_2_PRESENT,3.83,101M,26
ERR257715.18396477/1,,,,ERR257715.18396477/2,724.04,75M26S,10,diff_1_ABSENT,,,,diff_2_PRESENT,724.04,75M26S,10
ERR257715.17716893/1,2.90,101M,60,ERR257715.17716893/2,3.38,101M,60,diff_1_PRESENT,2.90,101M,60,diff_2_PRESENT,3.38,101M,60
ERR257715.21628806/1,1.00,101M,60,ERR257715.21628806/2,1.00,90M11S,60,diff_1_PRESENT,1.00,101M,60,diff_2_PRESENT,1.00,90M11S,60
ERR257715.28737096/1,131.23,5S96M,4,ERR257715.28737096/2,93.97,101M,4,diff_1_ABSENT,,,,diff_2_ABSENT,,,
ERR257715.14835212/1,16.80,40S49M12S,9,ERR257715.14835212/2,,,,diff_1_PRESENT,16.80,40S49M12S,9,diff_2_ABSENT,,,
ERR257715.34879092/1,1.62,101M,60,ERR257715.34879092/2,1.59,101M,60,diff_1_PRESENT,1.62,101M,60,diff_2_PRESENT,1.59,101M,58
ERR257715.33817402/1,2.37,101M,60,ERR257715.33817402/2,1.00,101M,50,diff_1_PRESENT,2.37,101M,60,diff_2_ABSENT,,,
ERR257715.23528285/1,2.39,101M,34,ERR257715.23528285/2,2.31,101M,33,diff_1_PRESENT,2.39,101M,24,diff_2_PRESENT,2.31,101M,12
ERR257715.26837554/1,2.48,101M,60,ERR257715.26837554/2,2.02,101M,60,diff_1_PRESENT,2.48,101M,60,diff_2_ABSENT,,,
ERR257715.8119973/1,942.64,62S39M,12,ERR257715.8119973/2,122.04,48S27M26S,12,diff_1_PRESENT,942.64,62S39M,4,diff_2_ABSENT,,,
ERR257715.6920771/1,753.03,34S67M,19,ERR257715.6920771/2,,,,diff_1_PRESENT,753.03,34S67M,19,diff_2_ABSENT,,,
ERR257715.13389763/1,1.95,101M,60,ERR257715.13389763/2,1.00,76M25S,55,diff_1_PRESENT,1.95,101M,60,diff_2_PRESENT,1.00,76M25S,8
ERR257715.14720691/1,1.84,101M,60,ERR257715.14720691/2,1.68,101M,60,diff_1_PRESENT,1.84,101M,60,diff_2_PRESENT,1.68,101M,60
ERR257715.9763063/1,1.50,101M,60,ERR257715.9763063/2,1.00,101M,60,diff_1_PRESENT,1.50,101M,60,diff_2_PRESENT,1.00,101M,60
ERR257715.14837302/1,1.91,101M,60,ERR257715.14837302/2,1.71,101M,60,diff_1_PRESENT,1.91,101M,60,diff_2_PRESENT,1.71,101M,60
ERR257715.29444379/1,612.04,101M,52,ERR257715.29444379/2,886.13,101M,60,diff_1_ABSENT,,,,diff_2_PRESENT,886.13,101M,60
ERR257715.26009817/1,3.15,101M,60,ERR257715.26009817/2,2.82,101M,60,diff_1_PRESENT,3.15,101M,58,diff_2_PRESENT,2.82,101M,52
ERR257715.32849843/1,1.00,62S39M,50,ERR257715.32849843/2,1.67,101M,60,diff_1_ABSENT,,,,diff_2_PRESENT,1.67,101M,60
ERR257715.20929102/1,,,,ERR257715.20929102/2,1131.68,9S92M,13,diff_1_ABSENT,,,,diff_2_PRESENT,1131.68,9S92M,13
ERR257715.17013129/1,1.66,101M,60,ERR257715.17013129/2,1.27,101M,60,diff_1_PRESENT,1.66,101M,60,diff_2_PRESENT,1.27,101M,60
ERR257715.27651060/1,1.00,101M,60,ERR257715.27651060/2,3.96,101M,59,diff_1_PRESENT,1.00,101M,60,diff_2_PRESENT,3.96,101M,17
ERR257715.6185695/1,2.01,101M,60,ERR257715.6185695/2,1.00,101M,60,diff_1_PRESENT,2.01,101M,60,diff_2_PRESENT,1.00,101M,60
ERR257715.21184045/1,1.50,101M,60,ERR257715.21184045/2,1.50,101M,60,diff_1_PRESENT,1.50,101M,60,diff_2_PRESENT,1.50,101M,60
ERR257715.16598090/1,2.37,101M,60,ERR257715.16598090/2,1.48,101M,60,diff_1_PRESENT,2.37,101M,60,diff_2_PRESENT,1.48,101M,60
ERR257715.24461419/1,2.33,101M,60,ERR257715.24461419/2,1.77,101M,59,diff_1_PRESENT,2.33,101M,60,diff_2_PRESENT,1.77,101M,37
ERR257715.19987129/1,2.17,101M,27,ERR257715.19987129/2,3.06,101M,31,diff_1_ABSENT,,,,diff_2_PRESENT,3.06,101M,26
ERR257715.24404092/1,1.67,101M,60,ERR257715.24404092/2,1.95,101M,60,diff_1_PRESENT,1.67,101M,55,diff_2_PRESENT,1.95,101M,60
ERR257715.33680654/1,944.07,101M,60,ERR257715.33680654/2,941.12,101M,60,diff_1_PRESENT,944.07,101M,44,diff_2_PRESENT,941.12,101M,60
ERR257715.19341947/1,1.74,101M,57,ERR257715.19341947/2,1.15,98M3S,48,diff_1_PRESENT,1.74,101M,50,diff_2_ABSENT,,,
ERR257715.1196270/1,2.13,101M,60,ERR257715.1196270/2,1.98,101M,60,diff_1_PRESENT,2.13,101M,60,diff_2_PRESENT,1.98,101M,60
ERR257715.35390881/1,4.57,101M,16,ERR257715.35390881/2,4.67,84M17S,16,diff_1_PRESENT,4.57,101M,2,diff_2_ABSENT,,,
ERR257715.22311044/1,1.96,101M,19,ERR257715.22311044/2,1.00,101M,17,diff_1_PRESENT,1.96,101M,13,diff_2_ABSENT,,,
ERR257715.4366310/1,1.00,101M,60,ERR257715.4366310/2,1.00,101M,56,diff_1_PRESENT,1.00,101M,60,diff_2_PRESENT,1.00,101M,56
ERR257715.32028044/1,1.96,63M2I14M2I20M,52,ERR257715.32028044/2,2.94,101M,60,diff_1_PRESENT,1.96,63M2I14M2I20M,1,diff_2_PRESENT,2.94,101M,60
ERR257715.8933709/1,3.34,101M,60,ERR257715.8933709/2,4.28,101M,60,diff_1_PRESENT,3.34,101M,60,diff_2_ABSENT,,,
ERR257715.10329605/1,1.86,101M,60,ERR257715.10329605/2,1.93,101M,60,diff_1_PRESENT,1.86,101M,60,diff_2_PRESENT,1.93,101M,60
ERR257715.18718212/1,1.00,101M,60,ERR257715.18718212/2,1.84,101M,60,diff_1_PRESENT,1.00,101M,60,diff_2_PRESENT,1.84,101M,60
ERR257715.32413822/1,2.01,101M,60,ERR257715.32413822/2,2.89,101M,60,diff_1_PRESENT,2.01,101M,60,diff_2_ABSENT,,,
ERR257715.8813244/1,1.19,101M,60,ERR257715.8813244/2,1.00,101M,60,diff_1_PRESENT,1.19,101M,60,diff_2_PRESENT,1.00,101M,60
ERR257715.11181852/1,514.78,101M,60,ERR257715.11181852/2,218.82,6S95M,57,diff_1_PRESENT,514.78,101M,60,diff_2_PRESENT,218.82,6S95M,22
ERR257715.14180636/1,440.36,3S98M,8,ERR257715.14180636/2,787.60,101M,9,diff_1_ABSENT,,,,diff_2_PRESENT,787.60,101M,1
ERR257715.15729562/1,2.64,101M,60,ERR257715.15729562/2,1.83,101M,60,diff_1_PRESENT,2.64,101M,60,diff_2_PRESENT,1.83,101M,60
ERR257715.4405298/1,2.81,101M,60,ERR257715.4405298/2,2.25,101M,60,diff_1_PRESENT,2.81,101M,60,diff_2_PRESENT,2.25,101M,60
ERR257715.12912404/1,1.00,101M,60,ERR257715.12912404/2,1.28,101M,60,diff_1_PRESENT,1.00,101M,60,diff_2_PRESENT,1.28,101M,60
ERR257715.26050245/1,2.70,31M4D70M,53,ERR257715.26050245/2,3.60,101M,60,diff_1_PRESENT,2.70,31M4D70M,4,diff_2_PRESENT,3.60,101M,60
ERR257715.28101222/1,4.66,101M,60,ERR257715.28101222/2,2.43,101M,60,diff_1_PRESENT,4.66,101M,60,diff_2_PRESENT,2.43,101M,60
ERR257715.30710203/1,1117.51,101M,36,ERR257715.30710203/2,,,,diff_1_PRESENT,1117.51,101M,36,diff_2_ABSENT,,,
ERR257715.31620914/1,2.63,101M,60,ERR257715.31620914/2,1.94,101M,60,diff_1_PRESENT,2.63,101M,32,diff_2_PRESENT,1.94,101M,58
ERR257715.5508414/1,5.16,101M,60,ERR257715.5508414/2,4.18,101M,60,diff_1_PRESENT,5.16,101M,60,diff_2_PRESENT,4.18,101M,56
ERR257715.18427629/1,379.81,31M70S,4,ERR257715.18427629/2,1117.51,101M,4,diff_1_ABSENT,,,,diff_2_ABSENT,,,
ERR257715.30329082/1,,,,ERR257715.30329082/2,1119.62,101M,14,diff_1_ABSENT,,,,diff_2_PRESENT,1119.62,101M,14
ERR257715.22771578/1,1.74,101M,60,ERR257715.22771578/2,1.88,101M,60,diff_1_PRESENT,1.74,101M,60,diff_2_PRESENT,1.88,101M,60
ERR257715.32738567/1,2.48,101M,60,ERR257715.32738567/2,1.64,101M,60,diff_1_PRESENT,2.48,101M,60,diff_2_PRESENT,1.64,101M,60
ERR257715.155405/1,2.73,101M,60,ERR257715.155405/2,,,,diff_1_PRESENT,2.73,101M,60,diff_2_ABSENT,,,
ERR257715.1072013/1,,,,ERR257715.1072013/2,1132.97,10S91M,44,diff_1_ABSENT,,,,diff_2_PRESENT,1132.97,10S91M,44
ERR257715.14319622/1,1.74,101M,60,ERR257715.14319622/2,2.03,101M,60,diff_1_ABSENT,,,,diff_2_PRESENT,2.03,101M,60
ERR257715.25385105/1,49.65,57M44S,0,ERR257715.25385105/2,,,,diff_1_PRESENT,22.16,57M44S,0,diff_2_ABSENT,,,
ERR257715.30087277/1,26.60,6S30M65S,1,ERR257715.30087277/2,,,,diff_1_PRESENT,26.60,6S30M65S,1,diff_2_ABSENT,,,
ERR257715.11596788/1,1.89,101M,59,ERR257715.11596788/2,3.15,101M,60,diff_1_PRESENT,1.89,101M,39,diff_2_PRESENT,3.15,101M,60
ERR257715.4544092/1,891.47,101M,60,ERR257715.4544092/2,283.86,101M,49,diff_1_PRESENT,891.47,101M,44,diff_2_ABSENT,,,
ERR257715.19680516/1,0.97,15M3D86M,60,ERR257715.19680516/2,1.35,101M,60,diff_1_PRESENT,0.97,15M3D86M,60,diff_2_PRESENT,1.35,101M,60
ERR257715.238370/1,1.00,101M,60,ERR257715.238370/2,1.00,101M,60,diff_1_PRESENT,1.00,101M,60,diff_2_PRESENT,1.00,101M,60
ERR257715.27855868/1,1.00,101M,60,ERR257715.27855868/2,1.00,101M,60,diff_1_PRESENT,1.00,101M,60,diff_2_PRESENT,1.00,101M,60
ERR257715.22401958/1,719.00,74M27S,19,ERR257715.22401958/2,382.97,32S36M33S,16,diff_1_PRESENT,719.00,74M27S,10,diff_2_ABSENT,,,
ERR257715.33093250/1,,,,ERR257715.33093250/2,18.11,56S45M,0,diff_1_ABSENT,,,,diff_2_PRESENT,19.11,56S45M,0
ERR257715.33009089/1,,,,ERR257715.33009089/2,134.45,101M,36,diff_1_ABSENT,,,,diff_2_PRESENT,134.45,101M,36
ERR257715.31105065/1,1.63,101M,60,ERR257715.31105065/2,2.39,101M,60,diff_1_ABSENT,,,,diff_2_ABSENT,,,
ERR257715.32165051/1,2.43,101M,60,ERR257715.32165051/2,2.02,101M,60,diff_1_ABSENT,,,,diff_2_PRESENT,2.02,101M,60
ERR257715.30413566/1,1.77,101M,60,ERR257715.30413566/2,4.02,101M,60,diff_1_ABSENT,,,,diff_2_ABSENT,,,
ERR257715.3643715/1,,,,ERR257715.3643715/2,25.80,7S41M53S,0,diff_1_ABSENT,,,,diff_2_PRESENT,17.15,7S40M54S,0
ERR257715.5074480/1,1.00,101M,60,ERR257715.5074480/2,1.00,101M,53,diff_1_PRESENT,1.00,101M,60,diff_2_PRESENT,1.00,101M,53
ERR257715.28087434/1,1.90,82M19S,60,ERR257715.28087434/2,1.50,101M,58,diff_1_PRESENT,1.90,82M19S,42,diff_2_PRESENT,1.50,101M,38
ERR257715.34734954/1,,,,ERR257715.34734954/2,1126.91,6S95M,12,diff_1_ABSENT,,,,diff_2_PRESENT,1126.91,6S95M,12
ERR257715.32505792/1,1.00,101M,60,ERR257715.32505792/2,1.77,101M,60,diff_1_PRESENT,1.00,101M,60,diff_2_PRESENT,1.77,101M,60
ERR257715.10256578/1,,,,ERR257715.10256578/2,980.40,5S92M4S,52,diff_1_ABSENT,,,,diff_2_PRESENT,980.40,5S92M4S,52
ERR257715.20917649/1,,,,ERR257715.20917649/2,74.99,28S73M,33,diff_1_ABSENT,,,,diff_2_PRESENT,74.99,28S73M,23
ERR257715.9564896/1,4.65,86M15S,60,ERR257715.9564896/2,2.58,101M,60,diff_1_PRESENT,4.65,86M15S,60,diff_2_PRESENT,2.58,101M,60
ERR257715.32511787/1,2.83,101M,60,ERR257715.32511787/2,2.30,101M,60,diff_1_PRESENT,2.83,101M,60,diff_2_PRESENT,2.30,101M,60
ERR257715.30909274/1,1.27,101M,36,ERR257715.30909274/2,1.00,101M,36,diff_1_PRESENT,1.27,101M,19,diff_2_PRESENT,1.00,101M,26
ERR257715.18025140/1,,,,ERR257715.18025140/2,1048.81,57M44S,33,diff_1_ABSENT,,,,diff_2_PRESENT,1048.81,57M44S,33
ERR257715.19891394/1,990.44,46S55M,4,ERR257715.19891394/2,122.04,7S27M67S,4,diff_1_ABSENT,,,,diff_2_ABSENT,,,
ERR257715.18082575/1,399.94,65M36S,19,ERR257715.18082575/2,,,,diff_1_PRESENT,399.94,65M36S,19,diff_2_ABSENT,,,
ERR257715.25453245/1,17.24,40S54M7S,1,ERR257715.25453245/2,,,,diff_1_ABSENT,,,,diff_2_ABSENT,,,
ERR257715.15211012/1,1.59,101M,60,ERR257715.15211012/2,2.87,101M,60,diff_1_PRESENT,1.59,101M,55,diff_2_PRESENT,2.87,101M,60
ERR257715.14452971/1,1.12,101M,56,ERR257715.14452971/2,1.98,101M,60,diff_1_PRESENT,1.12,101M,24,diff_2_PRESENT,1.98,101M,60
ERR257715.5081124/1,2.50,101M,60,ERR257715.5081124/2,1.87,101M,60,diff_1_ABSENT,,,,diff_2_PRESENT,1.87,101M,60
ERR257715.2219243/1,0.99,22M1D79M,60,ERR257715.2219243/2,2.38,101M,59,diff_1_PRESENT,0.99,22M1D79M,60,diff_2_PRESENT,2.38,101M,35
ERR257715.29579426/1,,,,ERR257715.29579426/2,1.00,101M,42,diff_1_ABSENT,,,,diff_2_PRESENT,1.00,101M,42
ERR257715.27543882/1,1.00,101M,60,ERR257715.27543882/2,1.00,101M,60,diff_1_PRESENT,1.00,101M,60,diff_2_PRESENT,1.00,101M,60
ERR257715.11210906/1,2.47,101M,58,ERR257715.11210906/2,1.97,101M,60,diff_1_PRESENT,2.47,101M,16,diff_2_PRESENT,1.97,101M,60
ERR257715.22798579/1,1.00,101M,60,ERR257715.22798579/2,1.72,101M,60,diff_1_PRESENT,1.00,101M,60,diff_2_PRESENT,1.72,101M,60
ERR257715.33144846/1,2.74,101M,60,ERR257715.33144846/2,1.84,101M,60,diff_1_PRESENT,2.74,101M,60,diff_2_PRESENT,1.84,101M,36
ERR257715.9514685/1,4.94,101M,60,ERR257715.9514685/2,6.38,62S39M,54,diff_1_PRESENT,4.94,101M,60,diff_2_PRESENT,6.38,62S39M,13
ERR257715.16372332/1,26.43,57S44M,0,ERR257715.16372332/2,,,,diff_1_ABSENT,,,,diff_2_ABSENT,,,
ERR257715.15688041/1,3.81,101M,60,ERR257715.15688041/2,3.48,101M,58,diff_1_ABSENT,,,,diff_2_ABSENT,,,
ERR257715.1513245/1,166.17,67M1D34M,23,ERR257715.1513245/2,170.22,101M,27,diff_1_ABSENT,,,,diff_2_PRESENT,170.22,101M,20
ERR257715.25357161/1,1.15,101M,60,ERR257715.25357161/2,1.00,101M,50,diff_1_PRESENT,1.15,101M,60,diff_2_ABSENT,,,
ERR257715.5400173/1,1004.73,34S67M,60,ERR257715.5400173/2,304.97,15S29M57S,51,diff_1_PRESENT,1004.73,34S67M,48,diff_2_ABSENT,,,
ERR257715.55969/1,2.48,101M,60,ERR257715.55969/2,2.18,76M25S,25,diff_1_PRESENT,2.48,101M,50,diff_2_PRESENT,2.18,76M25S,25
ERR257715.31999665/1,2.46,101M,60,ERR257715.31999665/2,1.31,101M,60,diff_1_PRESENT,2.46,101M,60,diff_2_PRESENT,1.31,101M,60
ERR257715.18762247/1,1.01,101M,60,ERR257715.18762247/2,1.67,101M,60,diff_1_PRESENT,1.01,101M,60,diff_2_PRESENT,1.67,101M,60
ERR257715.3577852/1,2.40,101M,60,ERR257715.3577852/2,1.35,101M,60,diff_1_PRESENT,2.40,101M,60,diff_2_PRESENT,1.35,101M,60
ERR257715.31694058/1,,,,ERR257715.31694058/2,3.48,10S91M,8,diff_1_ABSENT,,,,diff_2_PRESENT,3.48,10S91M,8
ERR257715.10154696/1,1.53,101M,60,ERR257715.10154696/2,1.58,101M,60,diff_1_PRESENT,1.53,101M,60,diff_2_PRESENT,1.58,101M,60
ERR257715.17889797/1,338.45,77M24S,36,ERR257715.17889797/2,,,,diff_1_PRESENT,338.45,77M24S,36,diff_2_ABSENT,,,
ERR257715.6048860/1,1058.82,46S55M,30,ERR257715.6048860/2,,,,diff_1_PRESENT,1058.82,46S55M,30,diff_2_ABSENT,,,
ERR257715.24237236/1,1.44,101M,60,ERR257715.24237236/2,1.57,54M47S,50,diff_1_PRESENT,1.44,101M,60,diff_2_ABSENT,,,
ERR257715.28136971/1,4.23,101M,60,ERR257715.28136971/2,,,,diff_1_PRESENT,4.23,101M,60,diff_2_ABSENT,,,
ERR257715.25448342/1,,,,ERR257715.25448342/2,1004.76,5S76M20S,52,diff_1_ABSENT,,,,diff_2_PRESENT,1004.76,5S76M20S,52
ERR257715.14127883/1,917.48,29M72S,4,ERR257715.14127883/2,387.82,40S28M33S,4,diff_1_ABSENT,,,,diff_2_ABSENT,,,
ERR257715.29092434/1,30.85,48M53S,0,ERR257715.29092434/2,,,,diff_1_ABSENT,,,,diff_2_ABSENT,,,
ERR257715.13356918/1,,,,ERR257715.13356918/2,66.11,63M38S,2,diff_1_ABSENT,,,,diff_2_PRESENT,66.11,63M38S,2
ERR257715.17959839/1,1.37,101M,60,ERR257715.17959839/2,1.30,101M,60,diff_1_PRESENT,1.37,101M,60,diff_2_PRESENT,1.30,101M,60
ERR257715.1813556/1,,,,ERR257715.1813556/2,860.75,101M,31,diff_1_ABSENT,,,,diff_2_PRESENT,860.75,101M,31
ERR257715.24453008/1,1.00,101M,60,ERR257715.24453008/2,1.15,101M,60,diff_1_PRESENT,1.00,101M,60,diff_2_PRESENT,1.15,101M,60
ERR257715.10386236/1,1.79,101M,60,ERR257715.10386236/2,1.44,101M,60,diff_1_PRESENT,1.79,101M,60,diff_2_PRESENT,1.44,101M,19
ERR257715.21480207/1,862.94,86M15S,22,ERR257715.21480207/2,402.62,10S52M39S,19,diff_1_ABSENT,,,,diff_2_ABSENT,,,
ERR257715.21181463/1,1.07,101M,60,ERR257715.21181463/2,2.74,101M,57,diff_1_PRESENT,1.07,101M,58,diff_2_PRESENT,2.74,101M,21
ERR257715.29078882/1,2.00,101M,60,ERR257715.29078882/2,1.80,101M,60,diff_1_PRESENT,2.00,101M,44,diff_2_PRESENT,1.80,101M,60
ERR257715.30945796/1,85.22,21S37M1D7M4I2M4D30M,51,ERR257715.30945796/2,254.97,73M28S,60,diff_1_PRESENT,85.22,21S37M1D7M4I2M4D30M,9,diff_2_PRESENT,254.97,73M28S,29
ERR257715.17620656/1,3.45,101M,60,ERR257715.17620656/2,2.00,66H35M,2,diff_1_PRESENT,3.45,101M,60,diff_2_PRESENT,2.00,66H35M,2
ERR257715.32537536/1,1.97,101M,60,ERR257715.32537536/2,3.54,101M,60,diff_1_PRESENT,1.97,101M,60,diff_2_ABSENT,,,
ERR257715.19673029/1,9.88,101M,60,ERR257715.19673029/2,10.44,55M46S,25,diff_1_ABSENT,,,,diff_2_ABSENT,,,
ERR257715.16261417/1,2.79,101M,59,ERR257715.16261417/2,3.53,101M,60,diff_1_PRESENT,2.79,101M,32,diff_2_PRESENT,3.53,101M,60
ERR257715.10022615/1,1.04,101M,60,ERR257715.10022615/2,2.96,101M,60,diff_1_PRESENT,1.04,101M,60,diff_2_PRESENT,2.96,101M,60
ERR257715.34791587/1,13.69,27S74M,0,ERR257715.34791587/2,,,,diff_1_PRESENT,13.69,27S74M,0,diff_2_ABSENT,,,
ERR257715.4889708/1,173.39,101M,60,ERR257715.4889708/2,291.63,23S78M,52,diff_1_PRESENT,173.39,101M,60,diff_2_ABSENT,,,
ERR257715.772838/1,1130.77,101M,60,ERR257715.772838/2,393.43,93M8S,52,diff_1_PRESENT,1130.77,101M,60,diff_2_ABSENT,,,
ERR257715.23821516/1,3.31,101M,57,ERR257715.23821516/2,3.71,101M,55,diff_1_ABSENT,,,,diff_2_ABSENT,,,
ERR257715.3605335/1,1.64,101M,60,ERR257715.3605335/2,1.00,101M,60,diff_1_PRESENT,1.64,101M,60,diff_2_PRESENT,1.00,101M,60
ERR257715.28925564/1,3.80,101M,60,ERR257715.28925564/2,2.10,101M,60,diff_1_PRESENT,3.80,101M,60,diff_2_PRESENT,2.10,101M,35
ERR257715.32544631/1,1.71,101M,47,ERR257715.32544631/2,1.81,101M,47,diff_1_PRESENT,1.71,101M,30,diff_2_ABSENT,,,
ERR257715.23112653/1,1069.12,101M,60,ERR257715.23112653/2,1083.24,101M,58,diff_1_PRESENT,1069.12,101M,60,diff_2_PRESENT,1083.24,101M,21
ERR257715.23671034/1,2.80,101M,60,ERR257715.23671034/2,2.11,101M,60,diff_1_PRESENT,2.80,101M,60,diff_2_PRESENT,2.11,101M,60
ERR257715.3956595/1,1.48,101M,60,ERR257715.3956595/2,3.07,101M,60,diff_1_PRESENT,1.48,101M,60,diff_2_ABSENT,,,
ERR257715.5356508/1,1.41,101M,60,ERR257715.5356508/2,1.89,101M,56,diff_1_PRESENT,1.41,101M,53,diff_2_PRESENT,1.89,101M,24
ERR257715.27572705/1,1.82,101M,60,ERR257715.27572705/2,1.00,101M,60,diff_1_PRESENT,1.82,101M,60,diff_2_PRESENT,1.00,101M,60
ERR257715.12957193/1,860.58,85M16S,22,ERR257715.12957193/2,349.86,38S63M,19,diff_1_ABSENT,,,,diff_2_ABSENT,,,
ERR257715.32964981/1,1.35,101M,60,ERR257715.32964981/2,1.00,101M,60,diff_1_PRESENT,1.35,101M,60,diff_2_PRESENT,1.00,101M,47
ERR257715.1913033/1,1.11,101M,60,ERR257715.1913033/2,1.51,64S37M,50,diff_1_PRESENT,1.11,101M,60,diff_2_ABSENT,,,
ERR257715.21506465/1,1.96,101M,60,ERR257715.21506465/2,2.84,101M,60,diff_1_ABSENT,,,,diff_2_ABSENT,,,
ERR257715.13888508/1,1.00,101M,60,ERR257715.13888508/2,1.00,101M,60,diff_1_PRESENT,1.00,101M,60,diff_2_PRESENT,1.00,101M,60
ERR257715.27641170/1,1.00,101M,52,ERR257715.27641170/2,2.32,101M,45,diff_1_PRESENT,1.00,101M,29,diff_2_PRESENT,2.32,101M,4
ERR257715.6632092/1,2.03,101M,60,ERR257715.6632092/2,2.53,101M,60,diff_1_PRESENT,2.03,101M,60,diff_2_PRESENT,2.53,101M,60
ERR257715.17256741/1,5.95,101M,60,ERR257715.17256741/2,3.09,101M,60,diff_1_ABSENT,,,,diff_2_ABSENT,,,
ERR257715.17629482/1,2.17,101M,60,ERR257715.17629482/2,1.00,101M,60,diff_1_PRESENT,2.17,101M,60,diff_2_PRESENT,1.00,101M,41
ERR257715.12011570/1,447.23,101M,60,ERR257715.12011570/2,1119.60,101M,50,diff_1_PRESENT,447.23,101M,49,diff_2_ABSENT,,,
ERR257715.34420560/1,1.30,101M,60,ERR257715.34420560/2,1.14,101M,60,diff_1_PRESENT,1.30,101M,60,diff_2_PRESENT,1.14,101M,60
ERR257715.25766667/1,2.62,101M,60,ERR257715.25766667/2,2.31,101M,60,diff_1_ABSENT,,,,diff_2_PRESENT,2.31,101M,60
ERR257715.27247049/1,1108.49,5S96M,14,ERR257715.27247049/2,,,,diff_1_PRESENT,1108.49,5S96M,14,diff_2_ABSENT,,,
ERR257715.29240938/1,2.07,101M,60,ERR257715.29240938/2,3.12,101M,60,diff_1_PRESENT,2.07,101M,60,diff_2_PRESENT,3.12,101M,60
ERR257715.10195835/1,3.48,101M,60,ERR257715.10195835/2,5.86,101M,53,diff_1_ABSENT,,,,diff_2_ABSENT,,,
ERR257715.34944453/1,13.30,17S30M54S,1,ERR257715.34944453/2,6.76,41S29M31S,1,diff_1_ABSENT,,,,diff_2_PRESENT,12.97,42S30M29S,0
ERR257715.7008872/1,663.28,5S96M,60,ERR257715.7008872/2,556.34,101M,50,diff_1_PRESENT,663.28,5S96M,56,diff_2_ABSENT,,,
ERR257715.14051540/1,1.18,101M,55,ERR257715.14051540/2,1.12,101M,60,diff_1_PRESENT,1.18,101M,12,diff_2_PRESENT,1.12,101M,46
ERR257715.7088398/1,1.55,101M,60,ERR257715.7088398/2,1.00,101M,60,diff_1_PRESENT,1.55,101M,60,diff_2_PRESENT,1.00,101M,60
ERR257715.17267957/1,2.56,101M,60,ERR257715.17267957/2,3.36,101M,58,diff_1_PRESENT,2.56,101M,60,diff_2_PRESENT,3.36,101M,58
ERR257715.237823/1,2.53,101M,60,ERR257715.237823/2,1.00,5S96M,60,diff_1_PRESENT,2.53,101M,60,diff_2_PRESENT,1.00,5S96M,45
ERR257715.5018907/1,1.50,101M,60,ERR257715.5018907/2,1.00,101M,60,diff_1_PRESENT,1.50,101M,60,diff_2_PRESENT,1.00,101M,47
ERR257715.6181003/1,2.42,101M,53,ERR257715.6181003/2,1.26,101M,60,diff_1_ABSENT,,,,diff_2_PRESENT,1.26,101M,60
ERR257715.15393008/1,2.21,101M,60,ERR257715.15393008/2,1.12,101M,60,diff_1_PRESENT,2.21,101M,60,diff_2_PRESENT,1.12,101M,60
ERR257715.32534367/1,1.82,101M,60,ERR257715.32534367/2,1.47,101M,60,diff_1_PRESENT,1.82,101M,48,diff_2_PRESENT,1.47,101M,60
ERR257715.12593221/1,,,,ERR257715.12593221/2,1015.04,76M25S,45,diff_1_ABSENT,,,,diff_2_PRESENT,1015.04,76M25S,45
ERR257715.7079102/1,1.82,101M,60,ERR257715.7079102/2,2.03,101M,60,diff_1_PRESENT,1.82,101M,60,diff_2_PRESENT,2.03,101M,60
ERR257715.27659859/1,982.42,9S92M,60,ERR257715.27659859/2,,,,diff_1_PRESENT,982.42,9S92M,60,diff_2_ABSENT,,,
ERR257715.9253763/1,2.08,101M,60,ERR257715.9253763/2,2.33,101M,55,diff_1_ABSENT,,,,diff_2_ABSENT,,,
ERR257715.4583128/1,,,,ERR257715.4583128/2,15.01,9S92M,12,diff_1_ABSENT,,,,diff_2_PRESENT,15.01,9S92M,12
ERR257715.22957367/1,614.83,71M30S,36,ERR257715.22957367/2,1105.59,101M,43,diff_1_ABSENT,,,,diff_2_PRESENT,1105.59,101M,37
ERR257715.3844909/1,,,,ERR257715.3844909/2,936.21,101M,47,diff_1_ABSENT,,,,diff_2_PRESENT,936.21,101M,47
ERR257715.9707971/1,,,,ERR257715.9707971/2,911.23,101M,60,diff_1_ABSENT,,,,diff_2_PRESENT,911.23,101M,60
ERR257715.33083947/1,,,,ERR257715.33083947/2,158.01,32S69M,19,diff_1_ABSENT,,,,diff_2_PRESENT,158.01,32S69M,19
ERR257715.9796552/1,1.99,101M,60,ERR257715.9796552/2,1.00,101M,60,diff_1_PRESENT,1.99,101M,60,diff_2_PRESENT,1.00,101M,51
ERR257715.19382430/1,2.13,101M,60,ERR257715.19382430/2,3.19,101M,56,diff_1_PRESENT,2.13,101M,50,diff_2_PRESENT,3.19,101M,30
ERR257715.19077241/1,3.20,101M,60,ERR257715.19077241/2,2.22,101M,60,diff_1_ABSENT,,,,diff_2_ABSENT,,,
ERR257715.18801341/1,2.81,101M,37,ERR257715.18801341/2,3.18,101M,60,diff_1_ABSENT,,,,diff_2_PRESENT,3.18,101M,60
ERR257715.12674191/1,3.62,101M,53,ERR257715.12674191/2,3.36,101M,60,diff_1_PRESENT,3.62,101M,53,diff_2_PRESENT,3.36,101M,60
ERR257715.22667622/1,1.45,101M,54,ERR257715.22667622/2,3.29,101M,60,diff_1_PRESENT,1.45,101M,14,diff_2_PRESENT,3.29,101M,50
ERR257715.3340572/1,,,,ERR257715.3340572/2,13.09,101M,60,diff_1_ABSENT,,,,diff_2_ABSENT,,,
ERR257715.17001193/1,68.66,41S37M1D23M,2,ERR257715.17001193/2,,,,diff_1_PRESENT,68.66,41S37M1D23M,2,diff_2_ABSENT,,,
ERR257715.10190605/1,1.50,101M,60,ERR257715.10190605/2,1.22,79M22S,60,diff_1_PRESENT,1.50,101M,60,diff_2_PRESENT,1.22,79M22S,60
ERR257715.13300968/1,1.58,101M,60,ERR257715.13300968/2,2.83,101M,60,diff_1_PRESENT,1.58,101M,48,diff_2_PRESENT,2.83,101M,60
ERR257715.25040229/1,545.81,21M1I2M1D54M23S,2,ERR257715.25040229/2,,,,diff_1_ABSENT,,,,diff_2_ABSENT,,,
ERR257715.30343222/1,1.87,101M,60,ERR257715.30343222/2,1.00,101M,60,diff_1_PRESENT,1.87,101M,60,diff_2_PRESENT,1.00,101M,60
ERR257715.16140908/1,1.86,101M,60,ERR257715.16140908/2,2.05,63M38S,60,diff_1_PRESENT,1.86,101M,60,diff_2_PRESENT,2.05,63M38S,36
ERR257715.19877804/1,,,,ERR257715.19877804/2,397.04,85M16S,13,diff_1_ABSENT,,,,diff_2_PRESENT,397.04,85M16S,13
ERR257715.18834428/1,1.99,101M,60,ERR257715.18834428/2,3.31,101M,60,diff_1_PRESENT,1.99,101M,49,diff_2_ABSENT,,,
ERR257715.3853868/1,,,,ERR257715.3853868/2,581.60,28S73M,27,diff_1_ABSENT,,,,diff_2_PRESENT,581.60,28S73M,27
ERR257715.34736048/1,,,,ERR257715.34736048/2,19.45,33M68S,0,diff_1_ABSENT,,,,diff_2_ABSENT,,,
ERR257715.26534809/1,718.48,101M,6,ERR257715.26534809/2,,,,diff_1_ABSENT,,,,diff_2_ABSENT,,,
ERR257715.24059721/1,1.65,101M,60,ERR257715.24059721/2,3.09,101M,60,diff_1_PRESENT,1.65,101M,60,diff_2_PRESENT,3.09,101M,60
ERR257715.20636351/1,,,,ERR257715.20636351/2,927.55,101M,60,diff_1_ABSENT,,,,diff_2_PRESENT,927.55,101M,60
ERR257715.22106220/1,,,,ERR257715.22106220/2,22.77,44S57M,0,diff_1_ABSENT,,,,diff_2_ABSENT,,,
ERR257715.25523414/1,1.78,101M,60,ERR257715.25523414/2,3.51,38M6I57M,60,diff_1_PRESENT,1.78,101M,60,diff_2_ABSENT,,,
ERR257715.9227285/1,1.40,101M,59,ERR257715.9227285/2,1.90,101M,60,diff_1_PRESENT,1.40,101M,39,diff_2_PRESENT,1.90,101M,60
ERR257715.27937560/1,1.76,18S83M,46,ERR257715.27937560/2,1.40,101M,60,diff_1_PRESENT,1.76,18S83M,46,diff_2_PRESENT,1.40,101M,60
ERR257715.29427890/1,2.79,101M,56,ERR257715.29427890/2,2.17,101M,54,diff_1_PRESENT,2.79,101M,45,diff_2_PRESENT,2.17,101M,8
ERR257715.21320169/1,,,,ERR257715.21320169/2,1003.32,77M24S,54,diff_1_ABSENT,,,,diff_2_PRESENT,1003.32,77M24S,54
ERR257715.2089342/1,2.26,4S97M,60,ERR257715.2089342/2,3.33,101M,60,diff_1_PRESENT,2.26,4S97M,60,diff_2_PRESENT,3.33,101M,60
ERR257715.35129662/1,,,,ERR257715.35129662/2,1130.72,101M,43,diff_1_ABSENT,,,,diff_2_PRESENT,1130.72,101M,43
ERR257715.32761475/1,1.21,101M,60,ERR257715.32761475/2,2.31,101M,60,diff_1_PRESENT,1.21,101M,60,diff_2_PRESENT,2.31,101M,60
ERR257715.23803373/1,3.86,101M,60,ERR257715.23803373/2,3.36,101M,60,diff_1_ABSENT,,,,diff_2_ABSENT,,,
ERR257715.33326470/1,,,,ERR257715.33326470/2,2.85,101M,60,diff_1_ABSENT,,,,diff_2_PRESENT,2.85,101M,60
ERR257715.11694867/1,2.50,101M,60,ERR257715.11694867/2,,,,diff_1_PRESENT,2.50,101M,60,diff_2_ABSENT,,,
ERR257715.21272264/1,2.85,101M,60,ERR257715.21272264/2,4.10,101M,60,diff_1_PRESENT,2.85,101M,60,diff_2_PRESENT,4.10,101M,60
ERR257715.19706893/1,2.72,101M,60,ERR257715.19706893/2,2.71,101M,60,diff_1_PRESENT,2.72,101M,53,diff_2_PRESENT,2.71,101M,60
ERR257715.12538499/1,2.03,101M,60,ERR257715.12538499/2,1.88,101M,60,diff_1_PRESENT,2.03,101M,60,diff_2_PRESENT,1.88,101M,60
ERR257715.67829/1,,,,ERR257715.67829/2,542.80,101M,9,diff_1_ABSENT,,,,diff_2_PRESENT,542.80,101M,9
ERR257715.13756241/1,2.85,101M,52,ERR257715.13756241/2,2.75,101M,60,diff_1_PRESENT,2.85,101M,4,diff_2_PRESENT,2.75,101M,60
ERR257715.7547813/1,1.98,101M,60,ERR257715.7547813/2,1.00,101M,50,diff_1_PRESENT,1.98,101M,60,diff_2_PRESENT,1.00,101M,50
ERR257715.26390084/1,,,,ERR257715.26390084/2,18.26,33S50M18S,16,diff_1_ABSENT,,,,diff_2_PRESENT,18.26,33S50M18S,16
ERR257715.4171292/1,1.36,101M,60,ERR257715.4171292/2,2.31,101M,60,diff_1_PRESENT,1.36,101M,60,diff_2_PRESENT,2.31,101M,60
ERR257715.2669085/1,,,,ERR257715.2669085/2,9.32,67S34M,1,diff_1_ABSENT,,,,diff_2_PRESENT,9.32,67S34M,1
ERR257715.6118642/1,912.84,18S83M,60,ERR257715.6118642/2,,,,diff_1_PRESENT,912.84,18S83M,60,diff_2_ABSENT,,,
ERR257715.20055561/1,1.00,101M,49,ERR257715.20055561/2,1.00,101M,49,diff_1_PRESENT,1.00,101M,49,diff_2_PRESENT,1.00,101M,49
ERR257715.17812599/1,1036.73,101M,60,ERR257715.17812599/2,484.61,71M30S,58,diff_1_PRESENT,1036.73,101M,44,diff_2_ABSENT,,,
ERR257715.443523/1,,,,ERR257715.443523/2,2.43,101M,58,diff_1_ABSENT,,,,diff_2_PRESENT,2.43,101M,58
ERR257715.3118164/1,2.19,101M,60,ERR257715.3118164/2,1.58,101M,60,diff_1_ABSENT,,,,diff_2_PRESENT,1.58,101M,60
ERR257715.675802/1,1.74,101M,25,ERR257715.675802/2,1.96,92M9S,12,diff_1_PRESENT,1.74,101M,25,diff_2_PRESENT,1.96,92M9S,12
ERR257715.35520242/1,1135.69,12S89M,13,ERR257715.35520242/2,,,,diff_1_PRESENT,1135.69,12S89M,13,diff_2_ABSENT,,,
ERR257715.17124914/1,1.00,101M,60,ERR257715.17124914/2,1.00,101M,52,diff_1_PRESENT,1.00,101M,60,diff_2_PRESENT,1.00,101M,52
ERR257715.21464317/1,,,,ERR257715.21464317/2,413.52,101M,36,diff_1_ABSENT,,,,diff_2_PRESENT,413.52,101M,36
ERR257715.33176317/1,,,,ERR257715.33176317/2,17.09,16S45M40S,0,diff_1_ABSENT,,,,diff_2_PRESENT,18.51,16S45M40S,0
ERR257715.16538196/1,292.17,92M9S,2,ERR257715.16538196/2,,,,diff_1_PRESENT,292.17,92M9S,2,diff_2_ABSENT,,,
ERR257715.19415037/1,295.29,50S38M13S,1,ERR257715.19415037/2,,,,diff_1_PRESENT,295.29,50S38M13S,1,diff_2_ABSENT,,,
ERR257715.4277828/1,1063.74,101M,23,ERR257715.4277828/2,,,,diff_1_PRESENT,1063.74,101M,23,diff_2_ABSENT,,,
ERR257715.27907366/1,,,,ERR257715.27907366/2,162.71,58M43S,43,diff_1_ABSENT,,,,diff_2_PRESENT,162.71,58M43S,43
ERR257715.14780251/1,225.73,75S26M,52,ERR257715.14780251/2,920.02,9S92M,60,diff_1_PRESENT,225.73,75S26M,1,diff_2_PRESENT,920.02,9S92M,60
ERR257715.32038445/1,,,,ERR257715.32038445/2,1007.00,63M38S,44,diff_1_ABSENT,,,,diff_2_PRESENT,1007.00,63M38S,44
ERR257715.9537877/1,2.18,101M,60,ERR257715.9537877/2,2.74,12S89M,60,diff_1_PRESENT,2.18,101M,60,diff_2_PRESENT,2.74,12S89M,58
ERR257715.22771441/1,2.22,101M,60,ERR257715.22771441/2,2.76,101M,60,diff_1_PRESENT,2.22,101M,60,diff_2_PRESENT,2.76,101M,60
ERR257715.26037923/1,2.27,101M,60,ERR257715.26037923/2,2.89,101M,60,diff_1_PRESENT,2.27,101M,60,diff_2_ABSENT,,,
ERR257715.32778741/1,2.86,101M,60,ERR257715.32778741/2,1.49,101M,60,diff_1_PRESENT,2.86,101M,60,diff_2_PRESENT,1.49,101M,51
ERR257715.10806831/1,,,,ERR257715.10806831/2,11.66,28S65M8S,1,diff_1_ABSENT,,,,diff_2_PRESENT,11.66,28S65M8S,1
ERR257715.6324090/1,886.13,101M,31,ERR257715.6324090/2,1076.53,101M,26,diff_1_PRESENT,886.13,101M,31,diff_2_PRESENT,1076.53,101M,1
ERR257715.17602418/1,1.95,101M,60,ERR257715.17602418/2,1.79,101M,60,diff_1_PRESENT,1.95,101M,60,diff_2_PRESENT,1.79,101M,60
ERR257715.31720880/1,1.02,96M5S,60,ERR257715.31720880/2,1.79,101M,60,diff_1_PRESENT,1.02,96M5S,60,diff_2_PRESENT,1.79,101M,60
ERR257715.2708464/1,,,,ERR257715.2708464/2,976.17,48S53M,33,diff_1_ABSENT,,,,diff_2_PRESENT,976.17,48S53M,33
ERR257715.9613764/1,2.19,101M,60,ERR257715.9613764/2,1.15,101M,60,diff_1_ABSENT,,,,diff_2_PRESENT,1.15,101M,60
ERR257715.15041405/1,906.17,101M,60,ERR257715.15041405/2,378.17,30M71S,50,diff_1_PRESENT,906.17,101M,60,diff_2_ABSENT,,,
ERR257715.15741414/1,1037.59,44M57S,23,ERR257715.15741414/2,119.36,22S28M51S,21,diff_1_PRESENT,1037.59,44M57S,12,diff_2_ABSENT,,,
ERR257715.6363120/1,2.26,101M,59,ERR257715.6363120/2,1.66,101M,60,diff_1_PRESENT,2.26,101M,38,diff_2_PRESENT,1.66,101M,60
ERR257715.3963220/1,1.00,101M,56,ERR257715.3963220/2,1.00,13S88M,60,diff_1_PRESENT,1.00,101M,56,diff_2_PRESENT,1.00,13S88M,60
ERR257715.1662249/1,1.79,101M,60,ERR257715.1662249/2,2.47,101M,60,diff_1_PRESENT,1.79,101M,60,diff_2_PRESENT,2.47,101M,60
ERR257715.16895934/1,,,,ERR257715.16895934/2,1.24,43S58M,0,diff_1_ABSENT,,,,diff_2_PRESENT,1.52,43S58M,0
ERR257715.7845416/1,1003.55,56M45S,35,ERR257715.7845416/2,,,,diff_1_PRESENT,1003.55,56M45S,35,diff_2_ABSENT,,,
ERR257715.29228224/1,1.65,10S91M,60,ERR257715.29228224/2,1.90,101M,60,diff_1_PRESENT,1.65,10S91M,60,diff_2_PRESENT,1.90,101M,60
ERR257715.654419/1,3.41,101M,60,ERR257715.654419/2,2.85,101M,60,diff_1_PRESENT,3.41,101M,60,diff_2_ABSENT,,,
ERR257715.11432099/1,1.28,101M,60,ERR257715.11432099/2,2.75,101M,58,diff_1_PRESENT,1.28,101M,54,diff_2_PRESENT,2.75,101M,38
ERR257715.5142099/1,231.28,15S86M,39,ERR257715.5142099/2,541.50,48M53S,40,diff_1_PRESENT,231.28,15S86M,22,diff_2_ABSENT,,,
ERR257715.20842389/1,1.70,101M,60,ERR257715.20842389/2,1.27,101M,60,diff_1_PRESENT,1.70,101M,60,diff_2_PRESENT,1.27,101M,52
ERR257715.21100764/1,137.48,101M,25,ERR257715.21100764/2,,,,diff_1_PRESENT,137.48,101M,25,diff_2_ABSENT,,,
ERR257715.33858072/1,2.69,101M,60,ERR257715.33858072/2,1.92,101M,60,diff_1_PRESENT,2.69,101M,60,diff_2_PRESENT,1.92,101M,60
ERR257715.2759299/1,2.56,101M,56,ERR257715.2759299/2,1.68,101M,60,diff_1_ABSENT,,,,diff_2_ABSENT,,,
ERR257715.4637335/1,315.23,14S87M,22,ERR257715.4637335/2,,,,diff_1_PRESENT,315.23,14S87M,22,diff_2_ABSENT,,,
ERR257715.33432027/1,1.59,101M,60,ERR257715.33432027/2,2.46,101M,60,diff_1_PRESENT,1.59,101M,60,diff_2_PRESENT,2.46,101M,60
ERR257715.20453593/1,1.00,101M,51,ERR257715.20453593/2,2.90,101M,58,diff_1_PRESENT,1.00,101M,4,diff_2_PRESENT,2.90,101M,46
ERR257715.10023077/1,2.70,101M,60,ERR257715.10023077/2,2.97,101M,56,diff_1_PRESENT,2.70,101M,60,diff_2_ABSENT,,,
ERR257715.18247240/1,138.27,101M,45,ERR257715.18247240/2,,,,diff_1_PRESENT,138.27,101M,45,diff_2_ABSENT,,,
